<?xml version="1.0" encoding="UTF-8" ?>
<!DOCTYPE struts PUBLIC
    "-//Apache Software Foundation//DTD Struts Configuration 2.0//EN"
    "http://struts.apache.org/dtds/struts-2.0.dtd">

<struts>
	<constant name="struts.action.excludePattern" value="/rest/.*" />
	<constant name="struts.enable.DynamicMethodInvocation" value="true" />
	<constant name="struts.devMode" value="true" />
    <constant name="struts.convention.action.suffix" value="Controller"/>
    <constant name="struts.convention.action.mapAllMatches" value="true"/>
    <constant name="struts.convention.default.parent.package" value="rest-default"/>
    <constant name="struts.convention.package.locators" value="rest"/>



	<package name="default" namespace="/" extends="struts-default">

		
		<default-action-ref name="index"></default-action-ref>

		
		<action name="index">
			<result>/jsp/menu.jsp</result>
		</action>

		<action name="addCust">
			<result>/jsp/customerRegistration.jsp</result>
		</action>


		<action name="add" class="userClass" method ="register">
			<result name="success">/jsp/successRegistration.jsp</result>
				<result name="input">/jsp/customerRegistration.jsp</result>
			
		</action>
		

		

	</package>
	
	

</struts>
